p_val	avg_log2FC	pct.1	pct.2	p_val_adj
H2AFZ	0	-1.90292237434937	0.354	0.954	0
HIST1H4C	0	-2.76348786067574	0.088	0.714	0
TUBB	0	-2.05487446901035	0.369	0.925	0
TUBA1B	0	-1.99969934959254	0.559	0.985	0
STMN1	3.30152362484626e-294	-2.00443324916801	0.168	0.813	5.85195062504e-290
UBE2C	1.28522994339818e-263	-1.96373506333092	0.007	0.463	2.27807007467327e-259
TYMS	1.86375232069724e-222	-1.78261710505088	0.026	0.459	3.30350098843585e-218
UBE2S	2.52137701097442e-217	-1.77707362052182	0.084	0.585	4.46914075195217e-213
MKI67	1.87264498230514e-216	-1.59553209918089	0.009	0.401	3.31926323113587e-212
TOP2A	3.52748585611675e-210	-1.63613642602161	0.058	0.525	6.25246867996694e-206
HMGB1	7.03860646571642e-210	-1.49871520607739	0.385	0.897	1.24759299604824e-205
HMGB2	4.56374934365069e-202	-1.63612454259604	0.023	0.421	8.08924571162084e-198
HMGN2	5.23034414310049e-202	-1.5928435392223	0.227	0.781	9.27078499364562e-198
CKS1B	3.76885265948487e-191	-1.393666605596	0.033	0.436	6.68029133893693e-187
CDK1	9.70153815250565e-181	-1.34398435916367	0.008	0.342	1.71959763753163e-176
FTH1	2.73337913684586e-157	0.61062393747527	1	1	4.84491452005928e-153
HIST1H1B	3.63179021350501e-155	-1.43261627349453	0.013	0.317	6.43734815343763e-151
KPNA2	3.44267752573207e-153	-1.32199318596353	0.073	0.468	6.1021459143601e-149
PTTG1	4.67836721138574e-150	-1.30737443262208	0.026	0.349	8.29240588218122e-146
CKAP2L	5.65539044963575e-144	-1.18203369695774	0.009	0.286	1.00241795719794e-139
PTMA	5.33659814954612e-140	-0.861115685295852	0.824	0.991	9.45912022007049e-136
RANBP1	3.46095689548175e-131	-1.17809999989437	0.139	0.561	6.1345460972414e-127
CKS2	8.41220126430273e-125	-1.13056413348711	0.042	0.352	1.49106267409766e-120
DUT	2.14390560280867e-122	-1.18505486758499	0.086	0.447	3.80007268097837e-118
HIST1H1E	2.54374452979758e-116	-1.32314711834461	0.123	0.497	4.50878717906622e-112
TUBA1A	1.89580891161972e-108	-1.12037678929444	0.18	0.579	3.36032129584596e-104
TUBB4B	3.59919593202241e-106	-1.05005694968682	0.255	0.676	6.37957478950972e-102
PHF19	8.59811447171511e-100	-0.985009320951817	0.065	0.359	1.5240157901115e-95
H2AFV	1.02522790218304e-97	-0.961678578879147	0.237	0.65	1.81721645661944e-93
HIST1H1C	5.6170711716375e-97	-1.09906502789986	0.06	0.341	9.95625865172748e-93
DTYMK	7.69860319056888e-93	-0.892538153778318	0.035	0.274	1.36457741552833e-88
CCNB1	1.11411165516072e-92	-0.862262195991598	0.025	0.25	1.97476290877237e-88
RAN	2.85478037689652e-88	-0.861138469785797	0.477	0.848	5.06009821804909e-84
CENPW	3.95868933644465e-86	-0.809158479414693	0.04	0.276	7.01677684884815e-82
PARP1	1.19560794293922e-82	-0.897437255333768	0.168	0.515	2.11921507885977e-78
GSTP1	5.49965400335268e-81	-0.800884067735268	0.547	0.891	9.74813672094262e-77
NUCKS1	4.66587785128632e-80	-0.84921408264447	0.156	0.491	8.270268491405e-76
TYROBP	6.03671976101816e-80	0.639903960254253	0.973	0.97	1.07000857764047e-75
TMPO	1.45002124732539e-79	-0.892747337742385	0.095	0.381	2.57016266088425e-75
MCM7	2.1035003593923e-78	-0.782537206052338	0.043	0.27	3.72845438702284e-74
TPT1	2.60245544379495e-78	0.496818791801871	0.995	0.997	4.61285227412655e-74
PPIA	6.69902477359251e-78	-0.467311604814042	0.932	0.99	1.18740214111927e-73
MZT2B	1.57456226735073e-76	-0.840095047767106	0.334	0.722	2.79091161887917e-72
HSPD1	6.77497696108401e-76	-0.874550341786154	0.238	0.594	1.20086466635214e-71
NASP	7.92916316947539e-76	-0.792992171657493	0.102	0.389	1.40544417178951e-71
PA2G4	5.54459603654873e-75	-0.854026334383978	0.174	0.504	9.82779647478262e-71
PRKDC	9.12890812229507e-75	-0.828212022801924	0.113	0.403	1.6180989646768e-70
DDX39A	8.15040933078625e-72	-0.783349026444513	0.12	0.414	1.44466005388186e-67
TUBA1C	1.0629426507955e-70	-0.7684393169984	0.508	0.829	1.88406584853502e-66
RPA3	2.13274172896551e-69	-0.752677656192861	0.06	0.288	3.78028471459137e-65
HNRNPAB	9.18011063728667e-69	-0.8143549051761	0.263	0.611	1.62717461045906e-64
CBX5	1.94784434522748e-67	-0.703047724536536	0.055	0.274	3.45255410191572e-63
MZT2A	2.19390227070551e-67	-0.803467254063046	0.084	0.332	3.88869177482552e-63
NCL	1.14087271140545e-66	-0.789150101230055	0.353	0.708	2.02219688096616e-62
TAGLN2	8.89770115426078e-66	-0.739797653369388	0.277	0.632	1.57711752959272e-61
ALYREF	1.27281728369007e-63	-0.720482186511023	0.204	0.533	2.25606863534064e-59
SIVA1	9.40398334611605e-63	-0.724814294984202	0.118	0.389	1.66685604809907e-58
ANP32B	2.31383050012038e-62	-0.735584843172635	0.175	0.48	4.10126456146337e-58
SOD2	2.94484187427169e-62	0.582856900231282	0.977	0.964	5.21973222214657e-58
MALAT1	7.51849795110174e-62	0.750563695449686	0.963	0.973	1.33265376183278e-57
HSPE1	2.39580794506183e-61	-0.732045556568752	0.203	0.519	4.2465695826221e-57
SNRPB	3.40847302401662e-61	-0.676352162101366	0.292	0.645	6.04151843506945e-57
HNRNPA1	1.16904502492946e-59	-0.681639826585258	0.484	0.81	2.07213230668746e-55
PPM1G	1.29243799950779e-59	-0.722366280325678	0.145	0.423	2.29084635412756e-55
RPL35	2.4219310975176e-59	-0.517923138372478	0.807	0.972	4.29287287034994e-55
SNRPG	4.85095228036383e-59	-0.686127998605048	0.271	0.61	8.59831291694488e-55
HSP90AA1	1.06314004117395e-57	-0.590083172148193	0.719	0.933	1.88441572298082e-53
SNRPE	1.86586801707814e-57	-0.707674011453794	0.122	0.379	3.30725106027101e-53
CACYBP	1.35445750750507e-55	-0.661197569908444	0.097	0.329	2.40077593205274e-51
HMGA1	5.51874228230826e-55	-0.688486730417878	0.327	0.662	9.78197069539139e-51
LDHB	5.65861157796482e-55	-0.670857654175162	0.342	0.673	1.00298890219426e-50
CCL2	9.03306844623987e-55	-0.98792465299373	0.411	0.715	1.60111138209602e-50
SMC1A	9.92621708892995e-55	-0.661517064921814	0.078	0.291	1.75942197901283e-50
LSM5	1.2282953523889e-54	-0.61965843019886	0.101	0.338	2.17715351210933e-50
TOMM5	1.7968393709449e-54	-0.685274895394696	0.16	0.436	3.18489778499983e-50
FTL	2.07691571028374e-54	0.347297835496324	1	1	3.68133309647792e-50
FCER1G	2.15110118705957e-54	0.657222024742698	0.911	0.896	3.81282685406308e-50
LSM4	2.3268240461572e-54	-0.653427815369954	0.155	0.428	4.12429562181363e-50
NHP2	5.25617058648842e-54	-0.674478722656159	0.133	0.39	9.31656236455072e-50
NUDT1	6.76645809865139e-54	-0.561873990663629	0.073	0.284	1.19935469798596e-49
JPT1	1.13376729507105e-53	-0.707614017148475	0.175	0.452	2.00960253051343e-49
ANAPC11	1.46864052704185e-53	-0.639663689897441	0.39	0.739	2.60316533418168e-49
SNRPD3	1.95315988007301e-53	-0.633968619355269	0.196	0.49	3.4619758874294e-49
ENO1	9.01135387519946e-52	-0.504458202141682	0.668	0.923	1.5972624743791e-47
SRSF7	4.48937953792054e-50	-0.631744991691695	0.156	0.419	7.95742523096416e-46
SSRP1	5.6586877072711e-50	-0.599798469194378	0.063	0.251	1.0030023961138e-45
CCT6A	2.12241199404273e-49	-0.575538541920083	0.205	0.495	3.76197525944074e-45
BANF1	5.38001140544668e-49	-0.574394860463559	0.184	0.463	9.53607021615425e-45
SNRPD1	2.09272735318624e-48	-0.615740839660442	0.137	0.382	3.70935923352261e-44
TIMM10	5.87514961522243e-47	-0.595482867620817	0.135	0.374	1.04137026929818e-42
IDH2	1.43117096480709e-46	-0.623897599750868	0.318	0.639	2.53675053512056e-42
PSMC3	2.25586054853058e-46	-0.572372401284947	0.13	0.367	3.99851282227046e-42
HSP90AB1	2.68038000224329e-46	-0.575045262163897	0.676	0.888	4.75097355397623e-42
SNRPF	3.73530393802743e-46	-0.561337362518738	0.132	0.37	6.62082623015363e-42
DEK	1.68720818726742e-45	-0.579340312766891	0.367	0.688	2.9905765119315e-41
SH3BGRL3	5.53978096923164e-44	0.523944476652092	0.94	0.958	9.81926176796309e-40
XRCC5	5.61429778582229e-44	-0.589050476484889	0.22	0.497	9.95134282537002e-40
ATP5MC1	5.79697220631423e-44	-0.586948298147522	0.159	0.402	1.0275133235692e-39
RPS3	5.88138400094862e-43	-0.39938111451302	0.879	0.98	1.04247531416814e-38
CCT2	7.89512504737443e-43	-0.632647549120675	0.151	0.383	1.39941091464712e-38
HMGN1	1.1122185075602e-42	-0.563825895085744	0.274	0.567	1.97140730465045e-38
SERBP1	1.92518642565245e-42	-0.552089501656126	0.297	0.596	3.41239293946896e-38
FADS1	2.48441213344999e-42	-0.552962067973225	0.097	0.296	4.40362050654011e-38
XRCC6	3.07664794079915e-42	-0.503572746282986	0.186	0.45	5.45335847506649e-38
LDHA	4.32930391094267e-42	-0.530661318135845	0.375	0.688	7.67369118214588e-38
SET	6.64999008138964e-42	-0.543832415679596	0.238	0.52	1.17871074192631e-37
FABP5	7.59144579927734e-42	-0.579977880945571	0.284	0.57	1.34558376792191e-37
MRPL51	8.84985618552031e-42	-0.553771597001141	0.17	0.417	1.56863700888347e-37
EIF4EBP1	4.37868719410601e-41	-0.533224004325242	0.127	0.345	7.76122305155291e-37
FOS	4.73267195448895e-41	-0.573124367112662	0.276	0.557	8.38866103933167e-37
TNFAIP2	5.03979175110606e-41	0.603407399039869	0.923	0.913	8.93303087883549e-37
SRSF2	1.67377124637037e-40	-0.542602580136361	0.239	0.51	2.96675953419149e-36
TGFBI	2.7172178653362e-40	1.17145287678618	0.641	0.564	4.81626866630841e-36
NUDC	3.10217396948381e-40	-0.496102031511139	0.075	0.251	5.49860336091005e-36
UQCC2	4.41693902954921e-40	-0.510376425756402	0.101	0.299	7.82902442987597e-36
CCT5	5.23446456171184e-40	-0.567112564678356	0.217	0.471	9.27808843563424e-36
TCP1	1.15071049012806e-39	-0.519790156025582	0.133	0.349	2.03963434375199e-35
SAT1	1.64718225976465e-39	0.769176839308447	0.869	0.849	2.91963055543284e-35
SRSF3	5.2668571502036e-39	-0.5085912039108	0.198	0.451	9.33550429873588e-35
EEF1B2	8.29359798029547e-39	-0.493324430995663	0.621	0.878	1.47004024200737e-34
TOMM40	1.32438127030585e-38	-0.505122937508323	0.101	0.292	2.34746580161713e-34
DNMT1	1.94166114850387e-38	-0.529230614915161	0.133	0.344	3.4415943857231e-34
SLC25A5	2.32598861326336e-38	-0.524847216726394	0.589	0.846	4.12281481700931e-34
VIM	3.08006450169774e-38	0.404372323048935	0.983	0.994	5.45941432925925e-34
FBL	3.41704554955233e-38	-0.533817591030862	0.108	0.302	6.05671323658151e-34
PARK7	5.16410411296645e-38	-0.501518353157114	0.29	0.576	9.15337454023304e-34
SLIRP	5.39461392861944e-38	-0.479716007759319	0.158	0.387	9.56195318847795e-34
PTGES3	5.51858774874042e-38	-0.502139216912959	0.214	0.475	9.7816967846424e-34
CDK4	6.33523098599567e-38	-0.505837704456033	0.109	0.303	1.12291969226773e-33
RPLP0	1.10441175944298e-37	-0.365108239370009	0.884	0.986	1.95756984361268e-33
YBX1	4.33471804752293e-37	-0.402859551703115	0.809	0.969	7.68328773923439e-33
ILF2	6.11081348068361e-37	-0.46453545760921	0.138	0.354	1.08314168945117e-32
HNRNPA2B1	9.90198959085943e-37	-0.479202828332316	0.645	0.879	1.75512765497983e-32
ABCE1	1.44533334040235e-36	-0.491336222985295	0.096	0.276	2.56185334586316e-32
SRM	3.11254548386451e-36	-0.509618705101658	0.124	0.324	5.51698687014984e-32
RPSA	5.01366397954844e-36	-0.468536947959894	0.617	0.877	8.8867194037496e-32
HP1BP3	5.19859280894415e-36	-0.463113209070783	0.152	0.37	9.21450575385351e-32
PRMT1	8.54464776723578e-36	-0.499480216545393	0.136	0.343	1.51453881674254e-31
SNRPD2	1.06589762231971e-35	-0.53445133427802	0.326	0.611	1.88930353556168e-31
BUB3	1.20528884772994e-35	-0.46096244687438	0.095	0.274	2.13637448260132e-31
CTSB	2.24604423565144e-35	0.711936371561506	0.83	0.814	3.98111340769218e-31
GLRX5	3.18907808252036e-35	-0.464027739997187	0.083	0.25	5.65264090126735e-31
HNRNPD	3.30987067391476e-35	-0.481628434992562	0.223	0.475	5.86674576951391e-31
TMEM160	4.53107886662497e-35	-0.435476374782439	0.114	0.308	8.03133729109277e-31
FDPS	7.9004001294804e-35	-0.484228086785006	0.117	0.308	1.4003459229504e-30
STIP1	1.15678575062646e-34	-0.431251567422117	0.126	0.324	2.05040274298541e-30
LSM7	1.47439480375524e-34	-0.449487040640143	0.153	0.366	2.61336478965617e-30
RBBP7	1.48815087240169e-34	-0.478789036551632	0.098	0.275	2.63774742133199e-30
NPM1	1.84707291816474e-34	-0.520577587387247	0.522	0.786	3.27393674744701e-30
WTAP	2.72689519101766e-34	0.780065929025902	0.718	0.684	4.8334217260788e-30
C1QBP	4.24728498495134e-34	-0.488835563760637	0.222	0.467	7.52831263582625e-30
ERH	6.44582776483405e-34	-0.471501684851817	0.211	0.452	1.14252297131683e-29
TPR	9.65234237020124e-34	-0.458943896739511	0.115	0.302	1.71087768511817e-29
YWHAH	2.9701177482289e-33	-0.436199078827117	0.129	0.323	5.26453370873573e-29
NME4	3.4210582046993e-33	-0.497862758577545	0.145	0.348	6.06382566782951e-29
MRPS34	5.94444620402112e-33	-0.41366652802051	0.11	0.291	1.05365308966274e-28
MIF	7.93920072602794e-33	-0.434991058622843	0.521	0.819	1.40722332868845e-28
EIF5A	1.16715936262612e-32	-0.470555798232549	0.381	0.671	2.06878997025479e-28
SRRM1	1.48862475940959e-32	-0.439922325621446	0.146	0.349	2.63858738605349e-28
DDX21	4.06191364607711e-32	-0.416398165955215	0.24	0.496	7.19974193767168e-28
LSM3	4.34540072519595e-32	-0.498537116409284	0.11	0.285	7.70222278540982e-28
RPL41	5.00080161306297e-32	-0.257478100717088	0.987	1	8.86392085915412e-28
S100A11	5.29478686488591e-32	0.372501461021242	0.98	0.983	9.38500971801027e-28
NEAT1	5.80864467639658e-32	0.775722566966405	0.761	0.749	1.02958226889129e-27
HNRNPR	7.19733664761021e-32	-0.398756515347672	0.121	0.306	1.27572792078891e-27
RPL22L1	7.40962449149565e-32	-0.466436293077106	0.125	0.311	1.3133559411176e-27
SRGN	2.8746743345082e-31	0.570185638207944	0.889	0.917	5.09536025791578e-27
TIMM13	3.26477712329931e-31	-0.379419285878137	0.174	0.392	5.78681745104803e-27
NINJ1	5.44203796187789e-31	0.52482754426265	0.863	0.895	9.64601228742857e-27
TXNL4A	6.24005009234983e-31	-0.422052527956025	0.229	0.471	1.10604887886901e-26
SF3B2	6.40636141053647e-31	-0.384750037424794	0.185	0.409	1.13552756001759e-26
STOML2	1.52971512968574e-30	-0.402944954833271	0.108	0.282	2.71142006736797e-26
NDUFB6	1.72837891867939e-30	-0.426487279745015	0.122	0.305	3.06355163335922e-26
CD44	2.48040719713309e-30	0.617807830565789	0.787	0.775	4.3965217569184e-26
RPS5	2.94367947628461e-30	-0.343986107528281	0.777	0.959	5.21767187171446e-26
FUS	4.10238830157092e-30	-0.433947312396574	0.324	0.584	7.27148326453446e-26
RPL23A	8.48566105718701e-30	-0.347032369873657	0.774	0.95	1.5040834223864e-25
IRF8	8.99511111535304e-30	-0.397022453252188	0.198	0.418	1.59438344519633e-25
IER2	9.35212949506939e-30	-0.430739836999693	0.276	0.524	1.65766495300105e-25
DCXR	1.34712727713482e-29	-0.367810721443894	0.165	0.373	2.38778309872146e-25
PRELID1	4.09117461808949e-29	-0.420386350893778	0.317	0.575	7.25160701056362e-25
ENSA	4.14834270364328e-29	-0.41591893688626	0.115	0.287	7.35293744220771e-25
AURKAIP1	5.1476095629949e-29	-0.436694405728316	0.277	0.528	9.12413795040846e-25
PSMC5	6.47991295462576e-29	-0.409822580243692	0.18	0.387	1.14856457120742e-24
HNRNPA3	8.17581321708223e-29	-0.416039707688195	0.282	0.535	1.44916289272783e-24
PPP1R14B	1.06990654488285e-28	-0.397812156242602	0.226	0.452	1.89640935080485e-24
RPS21	2.45750458033634e-28	-0.343333862369541	0.758	0.941	4.35592686864616e-24
PRDX4	2.94067173911854e-28	-0.427861951229337	0.118	0.286	5.21234065758762e-24
HNRNPDL	3.78042566440056e-28	-0.411877537464701	0.22	0.447	6.70080449014999e-24
CCT7	4.77858176214667e-28	-0.449281613070526	0.169	0.365	8.47003617340497e-24
STAB1	5.1870193842178e-28	0.678241744813737	0.707	0.68	9.19399185852605e-24
SRSF9	5.29940224535328e-28	-0.383357911033921	0.344	0.614	9.39319047988868e-24
TOMM22	9.19115132567265e-28	-0.392737203306146	0.11	0.272	1.62913157247548e-23
COX8A	2.05904767387864e-27	-0.35810692714649	0.75	0.93	3.6496620019499e-23
RAD21	2.2719679088402e-27	-0.394166552668225	0.146	0.331	4.02706311841926e-23
HNRNPL	2.39866684517088e-27	-0.391907019070837	0.188	0.396	4.25163698306539e-23
AHCY	2.47744804517929e-27	-0.358888882499148	0.113	0.279	4.39127666008029e-23
PDIA6	2.545823726956e-27	-0.368068277842944	0.206	0.426	4.51247255602951e-23
NDUFS8	2.69856702139147e-27	-0.392902958681976	0.242	0.473	4.78321004541637e-23
CYCS	3.04850264306086e-27	-0.421668639952024	0.266	0.501	5.40347093482537e-23
SSNA1	4.58580205533363e-27	-0.393693631905982	0.104	0.259	8.12833414307887e-23
IL6	5.42232837536518e-27	-0.420794268582544	0.303	0.532	9.61107704533478e-23
TMEM258	6.04382561857772e-27	-0.390340022365568	0.248	0.479	1.0712680908929e-22
HADHA	6.17597370981129e-27	-0.385276110528432	0.244	0.478	1.09469134006405e-22
ANP32A	8.62008126738093e-27	-0.388368075955214	0.272	0.518	1.52790940464327e-22
TPI1	9.51596456053e-27	-0.361592231498195	0.704	0.908	1.68670471835394e-22
HSP90B1	9.72576727560094e-27	-0.400280583852769	0.448	0.711	1.72389224960027e-22
NDUFV1	1.34331956126012e-26	-0.405595249051834	0.15	0.331	2.38103392233357e-22
DNAJC8	2.48961762610146e-26	-0.382841508188718	0.16	0.35	4.41284724226484e-22
PSMD7	2.69993025974221e-26	-0.281219932917319	0.18	0.39	4.78562638539306e-22
POLR2E	2.75206533165024e-26	-0.413004264443238	0.252	0.476	4.87803580035006e-22
MAGOH	2.80461103165706e-26	-0.406456278737684	0.101	0.253	4.97117305361214e-22
UBE2I	2.97256316631943e-26	-0.332954163002007	0.221	0.447	5.26886821230119e-22
MRPL54	2.97335376040446e-26	-0.365229145484406	0.167	0.359	5.27026954031691e-22
TECR	4.17124856016904e-26	-0.355804410391192	0.214	0.432	7.39353807289962e-22
H1FX	5.16424802409366e-26	-0.329007548846056	0.173	0.37	9.15362962270602e-22
UQCRQ	5.74512295047928e-26	-0.372581577807617	0.34	0.599	1.01832304297245e-21
PSMA4	5.76857093053334e-26	-0.330853826386424	0.14	0.318	1.02247919743703e-21
CYC1	6.08127363270321e-26	-0.386916290666147	0.261	0.497	1.07790575139664e-21
PSMB1	1.00067766222357e-25	-0.348254953504162	0.302	0.556	1.77370115629128e-21
EIF1AX	1.0104964135611e-25	-0.398899457492798	0.131	0.299	1.79110489303705e-21
MLEC	1.15253267927184e-25	-0.366710543685941	0.143	0.32	2.04286417400934e-21
HNRNPH1	1.93397833991754e-25	-0.386607202432999	0.105	0.257	3.42797660750384e-21
CBX3	2.06375300769933e-25	-0.381574577909585	0.141	0.314	3.65800220614706e-21
HDGF	2.42460307828349e-25	-0.336069897610588	0.203	0.417	4.29760895625748e-21
RBM8A	3.42643285366283e-25	-0.364749552599379	0.195	0.4	6.07335223311736e-21
PSMB2	3.76802245837672e-25	-0.344940896850082	0.181	0.378	6.67881980747273e-21
PGAM1	3.86989835301402e-25	-0.417150919840534	0.419	0.664	6.85939483071735e-21
SNX5	3.87969767073733e-25	-0.359782464244667	0.118	0.277	6.87676412138191e-21
ACTN4	3.91552770775514e-25	-0.360768149225205	0.108	0.263	6.94027286199598e-21
RPL7	3.98268961694741e-25	-0.352216724884348	0.655	0.873	7.05931734603928e-21
PLAUR	4.01078387448606e-25	0.733597310957008	0.706	0.683	7.10911441752654e-21
PHB	4.43862794467241e-25	-0.371020392122574	0.128	0.292	7.86746803193184e-21
SNRPC	4.79204918251082e-25	-0.408947731389883	0.212	0.419	8.49390717600042e-21
CHCHD2	4.86902726692003e-25	-0.541403159496391	0.326	0.526	8.63035083061576e-21
PSME2	6.65971965160133e-25	-0.435375803376378	0.252	0.476	1.18043530824634e-20
PPDPF	7.56800847912948e-25	-0.362404970951856	0.349	0.605	1.3414295029257e-20
ILF3	9.67558111803479e-25	-0.356572497514194	0.177	0.37	1.71499675317167e-20
PCBP1	9.78768705189196e-25	-0.356303015611598	0.432	0.715	1.73486752994785e-20
CCT4	1.08237224298652e-24	-0.395370284263549	0.176	0.365	1.9185048006936e-20
PFDN2	1.12301912089837e-24	-0.326513251489534	0.113	0.271	1.99055139179236e-20
DDX46	1.19314881669324e-24	-0.356395558741821	0.117	0.274	2.11485627758877e-20
MDH2	1.53824939028588e-24	-0.349097742885096	0.283	0.518	2.72654704428172e-20
PSMB3	4.98222392633388e-24	-0.325684523448141	0.338	0.598	8.83099190942679e-20
HINT1	6.46359687740206e-24	-0.367375355813971	0.6	0.849	1.14567254651951e-19
ATP5PF	7.23537844206606e-24	-0.35695796777879	0.38	0.635	1.28247082885621e-19
GTF2A2	9.62680216565331e-24	-0.364146855299763	0.105	0.25	1.70635068386205e-19
AKR1B1	1.02306112843401e-23	-0.250157728878645	0.199	0.405	1.81337585014928e-19
SYNCRIP	1.18606625191674e-23	-0.305524130465322	0.171	0.364	2.10230243152242e-19
ANXA5	1.6203731315895e-23	0.413346613447178	0.882	0.924	2.87211137574238e-19
YWHAQ	1.83485556592142e-23	-0.298276210450607	0.189	0.387	3.25228149059572e-19
PSMB5	1.92214462420451e-23	-0.330324564394564	0.173	0.361	3.4070013464025e-19
MYDGF	2.24613198215267e-23	-0.328743953091992	0.23	0.438	3.98126893836561e-19
CCT8	2.4344436374314e-23	-0.36073388724296	0.162	0.336	4.31505134734715e-19
COMMD4	2.77564436767856e-23	-0.313108338234424	0.113	0.263	4.91982964171024e-19
BLVRB	2.80828799893096e-23	-0.343914462210078	0.624	0.855	4.97769047810513e-19
NME2	2.81975517406835e-23	-0.32414657239246	0.288	0.519	4.99801604603615e-19
CALR	3.80178849895782e-23	-0.349226336824715	0.491	0.744	6.73867011440273e-19
MRPS16	3.97828261235785e-23	-0.300028277374857	0.116	0.268	7.05150593040429e-19
NDUFAB1	4.60442506636126e-23	-0.308118512644525	0.265	0.49	8.16134343012534e-19
TMEM147	5.43206333989187e-23	-0.340806097917647	0.132	0.291	9.62833226995834e-19
PSMD2	7.01365233701006e-23	-0.299692512991538	0.17	0.354	1.24316987673503e-18
SEPT7	7.89814584834825e-23	-0.27500342703465	0.147	0.32	1.39994635161973e-18
ATP5MC3	9.62544578592456e-23	-0.332657063438234	0.692	0.899	1.70611026555513e-18
ITM2B	9.93077050551631e-23	0.464747397808165	0.872	0.9	1.76022907210277e-18
SNU13	1.12063554686954e-22	-0.312439575611915	0.239	0.45	1.98632650682626e-18
NT5DC2	1.16688417189668e-22	-0.338017762942921	0.167	0.343	2.06830219468687e-18
GPI	1.65744083220311e-22	-0.307199420394381	0.28	0.505	2.93781387508002e-18
SUMO2	1.97496517766181e-22	-0.399104100748412	0.452	0.706	3.50062577740557e-18
RBX1	2.09405881688358e-22	-0.329617897559618	0.309	0.542	3.71171925292614e-18
EMC6	2.27822870494536e-22	-0.276090443439172	0.108	0.252	4.03816037951565e-18
RPS6	2.35327241599548e-22	-0.28595771138084	0.824	0.963	4.17117535735198e-18
RPS16	2.97686610615713e-22	-0.271935713064552	0.865	0.976	5.27649517316352e-18
XRN2	3.50950009423059e-22	-0.318053171413977	0.172	0.353	6.22058891702373e-18
HDAC2	3.73384774897435e-22	-0.362490892133241	0.13	0.285	6.61824513505704e-18
NDUFS6	3.73422646923592e-22	-0.311947474679934	0.284	0.514	6.61891641672067e-18
HNRNPM	4.06498354662823e-22	-0.355246564234166	0.236	0.444	7.20518333639854e-18
TRMT112	4.37403467653179e-22	-0.305227807788637	0.223	0.428	7.75297646415259e-18
MRPL52	5.54903238191034e-22	-0.316963805911433	0.206	0.403	9.83565989693608e-18
METTL26	6.55455756446051e-22	-0.336488455655936	0.109	0.251	1.16179532830062e-17
PLEK	9.26457390803229e-22	-0.315463515324415	0.815	0.941	1.64214572519872e-17
ATP5F1D	1.07814099392542e-21	-0.323729979333736	0.433	0.697	1.9110049117328e-17
UQCRC1	1.21469453147113e-21	-0.286500904727441	0.272	0.497	2.15304605703258e-17
PRDX2	1.24622715437242e-21	-0.366555606741393	0.153	0.316	2.20893763112512e-17
NDUFA6	1.25015852166053e-21	-0.312295617218916	0.388	0.649	2.2159059796433e-17
UBALD2	1.49618110755534e-21	-0.300387689660714	0.218	0.416	2.65198101314185e-17
CCDC124	1.70140571184829e-21	-0.294019216885673	0.109	0.252	3.01574162425109e-17
RBBP4	2.8429708218605e-21	-0.262358612010612	0.11	0.252	5.03916578174773e-17
RPL8	2.96650594388936e-21	-0.259231315694851	0.881	0.98	5.25813178554389e-17
TMEM14C	3.79365614386727e-21	-0.32049942862194	0.306	0.535	6.72425551500474e-17
HMGB3	4.82027485843028e-21	-0.315919575789308	0.206	0.395	8.54393718656767e-17
ARL6IP1	5.0600073452768e-21	-0.278918952519739	0.117	0.26	8.96886301950313e-17
RTRAF	5.16604088810132e-21	-0.280406964416438	0.123	0.273	9.15680747415959e-17
AGR2	5.37756146602741e-21	-0.355389910287791	0.224	0.413	9.53172769853358e-17
RPN2	5.54941385875715e-21	-0.327393773873161	0.253	0.464	9.83633606464704e-17
G3BP1	9.7820892560721e-21	-0.346286182356086	0.148	0.306	1.73387532063878e-16
EIF3K	1.11551367446697e-20	-0.351206381956148	0.518	0.768	1.9772479879927e-16
HSPA9	1.22786498077267e-20	-0.284991579908151	0.189	0.371	2.17639067841956e-16
PSMB6	1.39815376466592e-20	-0.303871769721973	0.298	0.526	2.47822754787034e-16
PDCD5	1.82906224755522e-20	-0.27879198387941	0.307	0.541	3.24201283379164e-16
CORO1A	2.01520903866272e-20	-0.296478903091576	0.488	0.741	3.57195802102967e-16
NUTF2	2.15365551546532e-20	-0.266962724182294	0.2	0.387	3.81735440116228e-16
PHB2	3.46491152244662e-20	-0.280229847915241	0.205	0.395	6.14155567353664e-16
PSMA7	4.13885760479491e-20	-0.334655327674436	0.464	0.716	7.33612510449898e-16
RPL14	5.63523779565601e-20	-0.280640520753554	0.769	0.939	9.98845899280029e-16
PSMA3	5.78951057013712e-20	-0.274783149929777	0.182	0.359	1.0261907485568e-15
NOL7	5.93089244276415e-20	-0.299290582906057	0.138	0.29	1.05125068547994e-15
SSR3	6.31243078770496e-20	-0.300643246474704	0.178	0.352	1.1188783571207e-15
PPP1CA	6.50426778806589e-20	-0.272084847126401	0.393	0.648	1.15288146543468e-15
NONO	6.94846621766723e-20	-0.304071185515306	0.165	0.33	1.23161563708152e-15
PSMC4	7.28948895956622e-20	-0.362391131069835	0.337	0.562	1.29206191808311e-15
MINOS1	7.90774493084514e-20	-0.260245324139302	0.199	0.386	1.4016477889923e-15
SRP9	9.96873711143745e-20	-0.286924451654903	0.143	0.298	1.76695865300229e-15
RPL3	1.21646284550324e-19	-0.275719223407066	0.802	0.942	2.15618039365449e-15
PABPN1	1.30011620697599e-19	-0.301973105310741	0.26	0.463	2.30445597686494e-15
COX5A	1.63651507030057e-19	-0.333550433642928	0.548	0.802	2.90072296210776e-15
SEC13	3.29975237243443e-19	-0.295004530834776	0.145	0.297	5.84881108014003e-15
CALM2	4.23609118794991e-19	-0.296543241317052	0.492	0.725	7.50847163064121e-15
EIF3M	6.5774632503456e-19	-0.268298203493982	0.158	0.316	1.16585536112376e-14
RAD23A	7.59240288181273e-19	-0.307288360753637	0.246	0.442	1.34575341080131e-14
H2AFY	7.71000282689407e-19	-0.286086585040663	0.276	0.483	1.36659800106697e-14
YBX3	9.18784635785516e-19	-0.284202917470626	0.205	0.382	1.62854576692983e-14
PUF60	9.4535405355441e-19	-0.301439274749385	0.123	0.259	1.67564005992519e-14
NDUFV2	1.0805232841562e-18	-0.284483359614443	0.315	0.536	1.91522752116687e-14
NAMPT	1.18527168211005e-18	0.611279295633409	0.665	0.661	2.10089405654007e-14
RSL1D1	1.51584896854042e-18	-0.25976240492103	0.126	0.265	2.6868422967379e-14
CCT3	1.77835230675838e-18	-0.305659075068022	0.246	0.436	3.15212946372923e-14
TMED9	1.93738362632537e-18	-0.262342953976858	0.15	0.302	3.43401247766172e-14
TMA7	1.99321083574087e-18	-0.27836310477281	0.45	0.704	3.53296620635069e-14
MMD	2.02756166322106e-18	-0.254002391981071	0.173	0.336	3.59385304805932e-14
NDUFB10	2.73292681181546e-18	-0.284299412713551	0.24	0.428	4.8441127739429e-14
P4HB	3.39591877136772e-18	-0.267233026715324	0.318	0.538	6.01926602224928e-14
NDUFA12	3.53745277595078e-18	-0.267280411681303	0.143	0.29	6.27013504537276e-14
DNAJC15	3.73663718808618e-18	-0.265186522249798	0.166	0.325	6.62318941588275e-14
S100A10	3.93137826984646e-18	0.598361475341167	0.68	0.664	6.96836798330285e-14
GADD45GIP1	3.98597437829235e-18	-0.288265093613544	0.207	0.384	7.06513958552319e-14
NDUFB2	4.12936730365372e-18	-0.282759665923998	0.424	0.663	7.31930354572622e-14
DCTN3	5.1302039563984e-18	-0.324214677342392	0.123	0.254	9.09328651271617e-14
NDUFB7	8.58083432008538e-18	-0.257219851522638	0.236	0.427	1.52095288323513e-13
PPIB	1.17412351856412e-17	-0.276499153162198	0.504	0.752	2.08113393665491e-13
PRPF40A	1.2602220388881e-17	-0.260423295813332	0.183	0.345	2.23374356392916e-13
PDAP1	1.36433349431053e-17	-0.254675457781055	0.128	0.264	2.41828111866542e-13
ACSL1	1.4924410397543e-17	0.602574810334747	0.659	0.652	2.64535174296449e-13
ATP2B1	1.98865026431144e-17	0.557248982985775	0.674	0.689	3.52488259349204e-13
PTBP1	4.41604152623991e-17	-0.272902284719846	0.154	0.302	7.82743360526024e-13
TMEM14B	5.12185644923635e-17	-0.269093556320975	0.164	0.314	9.07849055627142e-13
FXYD5	5.59555221171169e-17	-0.277423451294989	0.3	0.507	9.91811629525897e-13
PARVB	5.62121268253242e-17	-0.251831755949783	0.129	0.262	9.96359947978872e-13
MTDH	7.09137792006069e-17	-0.265366696693258	0.275	0.471	1.25694673633076e-12
PLA2G7	1.26416263753212e-16	0.851907718629798	0.336	0.238	2.24072827502568e-12
PFDN5	1.45257155851238e-16	0.409025248879423	0.815	0.873	2.57468308746319e-12
COX6A1	1.65946219911391e-16	-0.298276932318483	0.526	0.752	2.94139674792941e-12
ALOX5AP	1.78583725693382e-16	-0.262120193746701	0.258	0.448	3.1653965379152e-12
EIF5B	2.26141404966937e-16	-0.284543109840029	0.13	0.259	4.00835640303895e-12
MRPL15	5.67705912171662e-16	-0.252626447309935	0.14	0.274	1.00625872932427e-11
ATP5F1B	5.75697259564778e-16	-0.291949635333533	0.613	0.838	1.02042339257857e-11
NDUFB11	7.64877795483264e-16	-0.253444730546742	0.395	0.62	1.35574589249409e-11
PSMD8	9.04634076955856e-16	-0.251136604444758	0.281	0.473	1.60346390140425e-11
MYC	1.52593972062343e-15	-0.250778700512239	0.248	0.422	2.70472815480503e-11
MTCH2	1.96184884735837e-15	-0.261420206035189	0.171	0.318	3.47737708194271e-11
SDF2L1	2.2894262594468e-15	-0.25590253902118	0.158	0.296	4.05800804486945e-11
NAA20	2.91820119306328e-15	-0.25281238894094	0.21	0.368	5.17251161470466e-11
PSAP	5.21055259060072e-15	0.457713651329459	0.724	0.751	9.23570446683978e-11
PNRC1	6.62964407701107e-15	0.416526404171643	0.787	0.835	1.17510441265021e-10
TNF	6.65586413726171e-15	-0.385930607418284	0.734	0.845	1.17975191832964e-10
SLC25A3	9.92391379283248e-15	-0.274251593824724	0.574	0.783	1.75901371977956e-10
DNAJB6	2.46222287679932e-14	0.674972453165327	0.507	0.466	4.36429004912679e-10
SPP1	1.42656852299783e-13	0.524179469078516	0.886	0.891	2.52859270701366e-09
LGMN	8.95324162946006e-13	0.726222136510078	0.414	0.358	1.58696207882179e-08
CXCL8	1.19643976704346e-12	0.293043334195419	0.968	0.971	2.12068948708454e-08
ABL2	2.32856805900829e-12	0.739894831720305	0.326	0.245	4.12738688459219e-08
LAPTM5	2.39336592327839e-12	0.444753256607111	0.686	0.738	4.24224109901095e-08
SQSTM1	7.63307119611711e-12	0.536996823430815	0.657	0.705	1.35296186951176e-07
RAB31	8.4811103615721e-12	0.604018490409991	0.512	0.498	1.50327681158865e-07
S100B	1.33877636009051e-11	0.692598965893227	0.465	0.436	2.37298109826043e-07
LIPA	5.0362209948039e-11	0.699916427057684	0.345	0.278	8.92670171328991e-07
CSTB	8.48457796659992e-11	0.324389863727069	0.834	0.891	1.50389144457984e-06
PLTP	1.85987434357736e-10	0.771504375061059	0.274	0.199	3.29662727399086e-06
NLRP3	2.61829774312006e-10	0.789672054036503	0.265	0.193	4.6409327496803e-06
TIMP1	2.98708949790323e-10	0.653755762824476	0.525	0.529	5.29461613503347e-06
LGALS3	3.31921720902001e-10	0.655096957775948	0.434	0.401	5.88331250298796e-06
C1QA	3.40857959866047e-10	0.424988051763617	0.659	0.71	6.04170733862568e-06
ICAM1	7.65456270084314e-10	0.381772358177631	0.774	0.826	1.35677123872445e-05
SDCBP	9.5944142441213e-10	0.553145383863316	0.546	0.573	1.7006099247705e-05
RNASE1	1.02628988058358e-09	0.565081241936996	0.599	0.58	1.8190988133344e-05
MYL12A	3.07332567273105e-09	0.340718345228546	0.719	0.797	5.44746975491579e-05
GSN	1.37857889351518e-08	0.45755899145861	0.587	0.617	0.000244353108875565
SLC12A7	1.48837748383493e-08	0.664614013256581	0.343	0.297	0.000263814909009741
FNDC3B	1.72808406027528e-08	0.653200138422758	0.311	0.254	0.000306302899683793
BID	1.99871380324867e-08	0.505831435705355	0.575	0.607	0.000354272021625827
MBNL1	5.86172942313331e-08	0.728121789388815	0.37	0.338	0.00103899154025038
C15orf48	6.20416565973053e-08	0.538925337563746	0.525	0.532	0.00109968836318724
IFIT2	9.43028934735124e-08	0.669447853214294	0.348	0.293	0.00167151878681801
BCL2A1	1.07771423857896e-07	0.373540695743487	0.738	0.81	0.0019102484878812
GPR84	2.69651253146867e-07	0.657564833035958	0.347	0.314	0.00477956846202821
HIF1A	3.88758552278267e-07	0.521663295093381	0.487	0.511	0.00689074533913228
MS4A7	8.95096532684074e-07	0.782014149297744	0.363	0.337	0.0158655860418252
BTG1	1.02117674323509e-06	0.519593854818462	0.472	0.468	0.0181003577738419
CXCL1	1.05613116388267e-06	0.301704251603385	0.879	0.887	0.0187199248798203
PLSCR1	1.19136231926334e-06	0.600732084559426	0.374	0.351	0.0211168971089427
TYMP	1.23415801603425e-06	0.48582115277428	0.511	0.527	0.021875450834207
CAPZB	1.54379623695673e-06	0.331301604024846	0.681	0.757	0.027363788300058
CD83	2.71065520148526e-06	0.299540852055889	0.772	0.828	0.0480463634463262
CD63	3.12568422998082e-06	0.301477873299489	0.703	0.79	0.05540275297641
BRI3	4.75927717907414e-06	0.329560528343417	0.689	0.76	0.0843581879990891
APLP2	5.34533554817805e-06	0.46324543206368	0.506	0.534	0.0947460725914559
CTSZ	5.89515308401932e-06	0.441989381571322	0.592	0.649	0.104491588414242
CXCL3	8.3282913096799e-06	0.688883019987304	0.664	0.698	0.147618963464076
RASSF5	8.83945598356537e-06	0.61265064440134	0.305	0.276	0.156679357308696
NUMB	2.58474450066718e-05	0.572972483923913	0.256	0.222	0.458145962743258
CTSL	4.37462729025257e-05	0.588247675394779	0.312	0.286	0.775402687197267
NFE2L2	6.47487197034605e-05	0.339966873340495	0.612	0.677	1
TNFAIP6	6.88158875356894e-05	0.709387185944383	0.257	0.221	1
KLF6	8.7121158974316e-05	0.29751159547314	0.707	0.77	1
IL1A	8.71449036327172e-05	0.380037128659534	0.705	0.754	1
LITAF	8.84439502721035e-05	0.56943384944798	0.474	0.503	1
CDV3	9.39919258690649e-05	0.406853463376201	0.545	0.6	1
RNF213	0.000123191512849249	0.525604700428397	0.326	0.305	1
PTGS2	0.000125307519121351	0.689369060281922	0.251	0.218	1
PLD3	0.000155698692010239	0.298712698694428	0.682	0.776	1
RHOG	0.000173215018393998	0.389704669016607	0.501	0.528	1
ALCAM	0.000183394351106297	0.525596454266405	0.309	0.292	1
INSIG1	0.000201037301730021	0.450823074021497	0.581	0.636	1
EIF1B	0.000224898890712933	0.591063533423434	0.401	0.425	1
QKI	0.000258581261547969	0.488894843871231	0.402	0.417	1
TRAF1	0.000338793849498449	0.475722616577142	0.394	0.396	1
PLEC	0.000454865470841161	0.48824801854981	0.282	0.258	1
FCGR2A	0.000536988393371384	0.579972886989343	0.271	0.253	1
STK40	0.000546456988967491	0.545125789859679	0.273	0.258	1
KIF1B	0.000739033092105792	0.515308953518158	0.258	0.238	1
RBM47	0.000779827177361486	0.498239411003362	0.268	0.248	1
CFLAR	0.000872416499921031	0.350690180256979	0.524	0.583	1
ATP6V1F	0.0010756583435146	0.273029580979752	0.667	0.757	1
RGS10	0.00110821763003534	0.335024270943525	0.546	0.612	1
HLA-E	0.00112109529842174	0.463861649859308	0.415	0.442	1
DRAM1	0.00112315814152405	0.421888342951552	0.436	0.475	1
ID2	0.00169828618679118	0.402710973496296	0.473	0.511	1
ATP13A3	0.00184061219307327	0.517230907976767	0.284	0.274	1
NCOA4	0.00224652569368806	0.352431389331805	0.501	0.561	1
ANKH	0.00253984861574314	0.497625627435301	0.266	0.252	1
TREM2	0.00290920169872725	0.509508777089646	0.33	0.332	1
CD14	0.00387768628010128	0.436081888285953	0.512	0.531	1
MRC1	0.00391000515771398	0.355386735533958	0.475	0.519	1
IFNGR2	0.00394283095725518	0.326503983329856	0.574	0.645	1
EHD1	0.00417241902796262	0.348135630601691	0.532	0.599	1
CD99	0.00435722818810586	0.255310631612802	0.638	0.738	1
GRINA	0.00457575527035923	0.47709682318336	0.338	0.357	1
ATP6V0E1	0.00550400682650226	0.412724993867478	0.421	0.465	1
RAB13	0.0067204531058347	0.445327102161863	0.328	0.335	1
ADAM9	0.0077920532826334	0.489522028859192	0.287	0.289	1
B4GALT1	0.0078590150887029	0.455705709709259	0.39	0.42	1
CYFIP1	0.00810157253080819	0.363190472848498	0.434	0.479	1
CCL20	0.00981941020315672	0.760565354070561	0.382	0.385	1
NCF1	0.0108334220827103	0.545877271511721	0.327	0.332	1
SLAMF7	0.0113037525569258	0.466920891170002	0.305	0.3	1
A2M	0.0125442974176817	0.429862946270082	0.304	0.303	1
TNIP1	0.0154210846247438	0.321060958830722	0.517	0.575	1
CSF1R	0.0177372163607687	0.408748786443692	0.414	0.463	1
NFKB1	0.0180127239342634	0.252242217680738	0.622	0.716	1
AMPD3	0.018442431024684	0.425619784224045	0.257	0.255	1
C1orf122	0.0239809085299386	0.432428380169892	0.376	0.417	1
SNX6	0.0263264588313444	0.272007299733542	0.545	0.626	1
PYGL	0.0266602716750997	0.315498069414308	0.492	0.562	1
YWHAZ	0.0308696102478935	0.297098596215108	0.504	0.589	1
GLRX	0.0310488956971797	0.343211125324843	0.54	0.597	1
PSTPIP2	0.0400322272193713	0.393280123873683	0.313	0.327	1
ZC3H12C	0.0477551898392327	0.410515380862076	0.302	0.316	1
IRF1	0.0633975221389046	0.380547243449687	0.369	0.4	1
VSIG4	0.0698206495371052	0.410719438355674	0.306	0.327	1
EFHD2	0.0954526466776114	0.282583116884895	0.534	0.634	1
GCH1	0.0960802408112567	0.424963696565463	0.336	0.373	1
ATF5	0.10010185075128	0.408025426406564	0.268	0.276	1
CDC42	0.103790172507395	0.260001236761922	0.536	0.649	1
RPS6KA3	0.105970703172378	0.458976489930738	0.271	0.287	1
TESC	0.106396100747559	0.305793601871765	0.503	0.592	1
CCL5	0.107099698893744	0.414965136865828	0.436	0.473	1
MTSS1	0.117674801844638	0.403807205176715	0.256	0.267	1
CTSD	0.128593802308393	0.343316645058603	0.307	0.326	1
JAK1	0.15245433524723	0.360741310984561	0.311	0.343	1
DNAAF1	0.163305656448861	0.448760716708013	0.366	0.405	1
SMS	0.167352007148512	0.313503214795825	0.401	0.451	1
RAP1B	0.186890941755626	0.302402454857774	0.416	0.481	1
CD68	0.190561660296828	0.324137613147464	0.396	0.452	1
IFIT3	0.195886795392465	0.289276858436213	0.419	0.462	1
TIMP2	0.196385903015148	0.381331184907852	0.301	0.335	1
RAB5C	0.198293950190402	0.345453347578737	0.276	0.296	1
MPP1	0.204316699574229	0.3053697081145	0.39	0.445	1
PIK3R5	0.205219562537826	0.335259607678884	0.249	0.263	1
CHMP4B	0.235571175083119	0.345184146420418	0.257	0.278	1
DENND5A	0.242283671395745	0.339711415202602	0.243	0.253	1
MMP14	0.263978455744519	0.314444897381957	0.364	0.417	1
HCST	0.273317852377892	0.305620705591259	0.396	0.453	1
USP12	0.292529799475903	0.334516552229291	0.283	0.309	1
CLIC4	0.307217085223891	0.343982305656571	0.391	0.469	1
PTPRE	0.312016326189071	0.279560304987106	0.209	0.257	1
CPVL	0.321921530007688	0.303051774112026	0.275	0.341	1
RAPGEF2	0.336640945526506	0.391184013556825	0.258	0.282	1
ADI1	0.363910314495481	0.267316645495079	0.346	0.426	1
GAS7	0.377241022675051	0.266148088888418	0.289	0.355	1
SNX9	0.40138031242741	0.299586880905973	0.247	0.271	1
ASAH1	0.40668163388992	0.302720117211957	0.277	0.303	1
SH3GLB1	0.409799760275786	0.279887799799816	0.245	0.302	1
TLR2	0.411482405741562	0.293812509612063	0.388	0.45	1
RAB7A	0.412613785978867	0.264861705820173	0.461	0.561	1
CREG1	0.413674205371111	0.27543315919735	0.371	0.425	1
MMP24OS	0.417548880457456	0.341439966916485	0.29	0.329	1
ATP6V1B2	0.420391098136699	0.303869327681697	0.236	0.255	1
SPAG9	0.443217434287119	0.318428100693067	0.347	0.401	1
SRC	0.484854310387768	0.254036993075735	0.226	0.271	1
RNF19B	0.524946750515586	0.273602203452996	0.219	0.259	1
ATP6V1G1	0.537180511844642	0.252640597052606	0.444	0.536	1
IRAK2	0.537879955913387	0.304632564147597	0.343	0.396	1
CAPZA2	0.546850066562101	0.300596680668898	0.29	0.328	1
LYVE1	0.601173709703398	0.253504054416791	0.229	0.265	1
MAFF	0.662052007999014	0.274616177529087	0.295	0.335	1
ARID5A	0.678315576398865	0.380010278604076	0.241	0.271	1
RIPK2	0.684615788020275	0.257580560940179	0.256	0.303	1
CLIP2	0.704384640722452	0.336409045017934	0.292	0.334	1
PELI1	0.709980464801514	0.261492860955981	0.385	0.475	1
NRP2	0.711746691700234	0.318813661620713	0.303	0.346	1
ADAP2	0.723055929744091	0.262200706446854	0.232	0.271	1
HCK	0.731074287869865	0.274642044713169	0.375	0.445	1
MAP4K4	0.793949253352726	0.288750906960545	0.253	0.296	1
ATP6AP2	0.794581819048329	0.268330881940906	0.375	0.448	1
CTSC	0.806264796686058	0.26739500451626	0.358	0.435	1
TTYH3	0.810644551726065	0.261459547400594	0.272	0.31	1
MACF1	0.845599151735592	0.295386044017858	0.252	0.287	1
MAP1LC3B	0.849876323206855	0.293789635049224	0.314	0.37	1
CRIM1	0.877517242989456	0.302102723899507	0.243	0.277	1
GPSM3	0.910881723329133	0.274518448204126	0.336	0.406	1
ABHD17A	0.913866176876818	0.268601875112743	0.24	0.276	1
RAB10	0.920229773743355	0.28798206269288	0.235	0.265	1
CORO1B	0.932950887411401	0.250945208572088	0.357	0.431	1
SNX8	0.940391504570281	0.277382951110934	0.267	0.315	1
BAZ1A	0.940871583543913	0.280036928966145	0.311	0.364	1
MAP2K3	0.942604508600762	0.288334714275514	0.356	0.429	1
TAOK3	0.945901938454994	0.296785459092786	0.249	0.286	1
DOT1L	0.947010881965273	0.283028817224654	0.286	0.337	1
IDH1	0.999279457009283	0.29300725885074	0.24	0.277	1
